Time(Iteration),WCoLinUCB,W_W0,WknowTheta,LinUCB
0,2.95575741551,2.07911896511,0.573855652344,2.07485830629
