Time(Iteration),WknowTheta,LinUCB
0,0.585301438143,2.35292033464
