Time(Iteration),WCoLinUCB,W_W0,LinUCB
0,3.28979165189,1.34234677953,2.72312621344
