Time(Iteration),WknowTheta,LinUCB
0,1.72148506746,2.40124482494
10,32.7942183014,11.657023688
20,64.2812238916,12.2437936386
