Time(Iteration),WknowTheta,LinUCB
0,0.669960119111,2.06795653982
