Time(Iteration),WCoLinUCB,W_W0,LinUCB
0,0.407193024055,0.714892512394,1.97168773636
