Time(Iteration),WknowTheta,LinUCB
0,0.732064701672,1.99701776655
