Time(Iteration),WCoLinUCB,W_W0,WknowTheta,LinUCB
0,2.57736456719,1.85566915364,0.818233769506,2.43784502748
