Time(Iteration),WknowTheta,LinUCB
0,0.825799672605,2.34713701894
