Time(Iteration),WknowTheta,LinUCB
0,0.907721295095,3.36635677971
