Time(Iteration),WknowTheta,LinUCB
0,0.323042934075,1.36502233191
10,25.1816051407,7.99674644154
20,52.1866387417,9.32416616735
30,79.943393195,10.4579863269
40,108.390490418,11.4707391996
