Time(Iteration),WCoLinUCB,W_W0,LinUCB
0,2.66589262735,1.98452850706,2.92525280889
1,3.91947810318,3.30941455397,5.41770006421
2,4.60274032454,4.21254453731,6.55090531871
