Time(Iteration),WknowTheta,LinUCB
0,0.459929252775,2.0639884813
10,24.233940243,8.19130688512
