Time(Iteration),AsyncCoLinUCB,WknowTheta,LinUCB
0,2.51949712525,0.500745424746,2.10113506852
1,4.44352116123,1.66271669835,3.64600006111
