Time(Iteration),WknowTheta,LinUCB
0,1.14329011168,3.73657314649
