Time(Iteration),WCoLinUCB,W_W0,WknowTheta,LinUCB
0,2.24086686949,1.47771974705,0.89547393846,2.33853866247
