Time(Iteration),WknowThetaCoTheta,LinUCBCoTheta,WknowThetaTheta,WknowThetaW
0,0.483178607137,0.623106473796,0.0,0.0
10,1.18726140195,0.255936598488,0.0,0.0
